<?xml version="1.0" encoding="UTF-8" standalone="yes"?>
<ns3:systemMetadata xmlns:ns2="http://ns.dataone.org/service/types/v1" xmlns:ns3="http://ns.dataone.org/service/types/v2.0">
    <serialVersion>0</serialVersion>
    <identifier>fdcd5e9f-f69c-4222-9ec3-561ba289bbf6</identifier>
    <formatId>application/octet-stream</formatId>
    <size>1787</size>
    <checksum algorithm="SHA-1">b8026332312b20d95938f74b10863da44bfea0e4</checksum>
    <submitter>http://orcid.org/0000-0002-1756-2128</submitter>
    <rightsHolder>http://orcid.org/0000-0002-1756-2128</rightsHolder>
    <accessPolicy>
        <allow>
            <subject>public</subject>
            <permission>read</permission>
        </allow>
        <allow>
            <subject>https://orcid.org/0000-0002-1756-2128</subject>
            <permission>read</permission>
            <permission>write</permission>
            <permission>changePermission</permission>
        </allow>
    </accessPolicy>
    <replicationPolicy replicationAllowed="true" numberReplicas="3"/>
    <archived>false</archived>
    <dateUploaded>2020-10-01T04:42:11.700+00:00</dateUploaded>
    <dateSysMetadataModified>2020-10-01T04:42:11.700+00:00</dateSysMetadataModified>
    <originMemberNode>urn:node:METACAT_TEST</originMemberNode>
    <authoritativeMemberNode>urn:node:METACAT_TEST</authoritativeMemberNode>
    <fileName>models_stan_knb.R</fileName>
</ns3:systemMetadata>
