<?xml version="1.0" encoding="UTF-8" standalone="yes"?>
<ns3:systemMetadata xmlns:ns2="http://ns.dataone.org/service/types/v1" xmlns:ns3="http://ns.dataone.org/service/types/v2.0">
    <serialVersion>0</serialVersion>
    <identifier>resource_map_f0b5bad4-c801-4b84-89a4-cd2be6eaa9ef</identifier>
    <formatId>http://www.openarchives.org/ore/terms</formatId>
    <size>16330</size>
    <checksum algorithm="SHA-1">1462fad103522ae7a043b6b544589466229051a5</checksum>
    <submitter>http://orcid.org/0000-0002-1756-2128</submitter>
    <rightsHolder>http://orcid.org/0000-0002-1756-2128</rightsHolder>
    <accessPolicy>
        <allow>
            <subject>public</subject>
            <permission>read</permission>
        </allow>
        <allow>
            <subject>https://orcid.org/0000-0002-1756-2128</subject>
            <permission>read</permission>
            <permission>write</permission>
            <permission>changePermission</permission>
        </allow>
    </accessPolicy>
    <replicationPolicy replicationAllowed="true" numberReplicas="3"/>
    <archived>false</archived>
    <dateUploaded>2020-10-01T04:42:12.845+00:00</dateUploaded>
    <dateSysMetadataModified>2020-10-01T04:42:12.845+00:00</dateSysMetadataModified>
    <originMemberNode>urn:node:METACAT_TEST</originMemberNode>
    <authoritativeMemberNode>urn:node:METACAT_TEST</authoritativeMemberNode>
    <fileName>e3a0f993-3f3c-4792-8b3a-501f81c075e9.rdfec8a3eaaf0ae</fileName>
</ns3:systemMetadata>
