<?xml version="1.0" encoding="UTF-8" standalone="yes"?>
<ns3:systemMetadata xmlns:ns2="http://ns.dataone.org/service/types/v1" xmlns:ns3="http://ns.dataone.org/service/types/v2.0">
    <serialVersion>0</serialVersion>
    <identifier>22c16cb2-8b3d-49c2-b835-9eb8947bbbab</identifier>
    <formatId>application/octet-stream</formatId>
    <size>7467</size>
    <checksum algorithm="SHA-1">bdc960f7433fd415db4902ad09db039b192a52f3</checksum>
    <submitter>http://orcid.org/0000-0002-1756-2128</submitter>
    <rightsHolder>http://orcid.org/0000-0002-1756-2128</rightsHolder>
    <accessPolicy>
        <allow>
            <subject>public</subject>
            <permission>read</permission>
        </allow>
        <allow>
            <subject>https://orcid.org/0000-0002-1756-2128</subject>
            <permission>read</permission>
            <permission>write</permission>
            <permission>changePermission</permission>
        </allow>
    </accessPolicy>
    <replicationPolicy replicationAllowed="true" numberReplicas="3"/>
    <archived>false</archived>
    <dateUploaded>2020-10-01T04:42:05.780+00:00</dateUploaded>
    <dateSysMetadataModified>2020-10-01T04:42:05.780+00:00</dateSysMetadataModified>
    <originMemberNode>urn:node:METACAT_TEST</originMemberNode>
    <authoritativeMemberNode>urn:node:METACAT_TEST</authoritativeMemberNode>
    <fileName>speciescomplex.R</fileName>
</ns3:systemMetadata>
