<?xml version="1.0" encoding="UTF-8" standalone="yes"?>
<ns3:systemMetadata xmlns:ns2="http://ns.dataone.org/service/types/v1" xmlns:ns3="http://ns.dataone.org/service/types/v2.0">
    <serialVersion>0</serialVersion>
    <identifier>7dd3004e-6a24-4b6d-a636-1358e4c465db</identifier>
    <formatId>application/octet-stream</formatId>
    <size>526718</size>
    <checksum algorithm="SHA-1">d0e539496266ef5ad0da15c3b667a6210f13a2d4</checksum>
    <submitter>http://orcid.org/0000-0002-1756-2128</submitter>
    <rightsHolder>http://orcid.org/0000-0002-1756-2128</rightsHolder>
    <accessPolicy>
        <allow>
            <subject>public</subject>
            <permission>read</permission>
        </allow>
        <allow>
            <subject>https://orcid.org/0000-0002-1756-2128</subject>
            <permission>read</permission>
            <permission>write</permission>
            <permission>changePermission</permission>
        </allow>
    </accessPolicy>
    <replicationPolicy replicationAllowed="true" numberReplicas="3"/>
    <archived>false</archived>
    <dateUploaded>2020-10-01T04:42:09.496+00:00</dateUploaded>
    <dateSysMetadataModified>2020-10-01T04:42:09.496+00:00</dateSysMetadataModified>
    <originMemberNode>urn:node:METACAT_TEST</originMemberNode>
    <authoritativeMemberNode>urn:node:METACAT_TEST</authoritativeMemberNode>
    <fileName>ospreebb_forknb.csv</fileName>
</ns3:systemMetadata>
