<?xml version="1.0" encoding="UTF-8" standalone="yes"?>
<ns3:systemMetadata xmlns:ns2="http://ns.dataone.org/service/types/v1" xmlns:ns3="http://ns.dataone.org/service/types/v2.0">
    <serialVersion>0</serialVersion>
    <identifier>ae0b160d-bbfc-46f3-9620-7b105ec8fe61</identifier>
    <formatId>application/octet-stream</formatId>
    <size>7046</size>
    <checksum algorithm="SHA-1">040d8b36af0477588da5716c8a0cb8e0fa8b7281</checksum>
    <submitter>http://orcid.org/0000-0002-1756-2128</submitter>
    <rightsHolder>http://orcid.org/0000-0002-1756-2128</rightsHolder>
    <accessPolicy>
        <allow>
            <subject>public</subject>
            <permission>read</permission>
        </allow>
        <allow>
            <subject>https://orcid.org/0000-0002-1756-2128</subject>
            <permission>read</permission>
            <permission>write</permission>
            <permission>changePermission</permission>
        </allow>
    </accessPolicy>
    <replicationPolicy replicationAllowed="true" numberReplicas="3"/>
    <archived>false</archived>
    <dateUploaded>2020-10-01T04:42:09.772+00:00</dateUploaded>
    <dateSysMetadataModified>2020-10-01T04:42:09.772+00:00</dateSysMetadataModified>
    <originMemberNode>urn:node:METACAT_TEST</originMemberNode>
    <authoritativeMemberNode>urn:node:METACAT_TEST</authoritativeMemberNode>
    <fileName>speciescomplex_nocrops.R</fileName>
</ns3:systemMetadata>
